"CHR","POS","rsID","P"
"1","49589847","rs657452","5.482e-13"
"1","72751185","rs3101336","2.661e-26"
"1","75002193","rs12566985","3.282e-15"
"1","78446761","rs12401738","1.145e-10"
"1","96924097","rs11165643","2.07e-12"
"1","110154688","rs17024393","7.029e-14"
"1","177889480","rs543874","2.618e-35"
"1","201784287","rs2820292","1.834e-10"
"2","632348","rs13021737","1.113e-50"
"2","25150296","rs10182181","8.777e-24"
"2","26928811","rs11126666","1.332e-09"
"2","58935282","rs4671328","6.217e-09"
"2","59305625","rs1016287","2.253e-11"
"2","63053048","rs11688816","1.893e-08"
"2","143043285","rs2121279","2.313e-08"
"2","181550962","rs1528435","1.196e-08"
"2","213413231","rs7599312","1.173e-10"
"3","25106437","rs6804842","2.476e-09"
"3","61236462","rs2365389","1.629e-10"
"3","81792112","rs3849570","2.601e-08"
"3","85807590","rs13078960","1.737e-14"
"3","141275436","rs16851483","3.548e-10"
"3","185824004","rs1516725","1.886e-22"
"4","45182527","rs10938397","3.205e-38"
"4","77129568","rs17001654","7.76e-09"
"4","103188709","rs13107325","1.825e-12"
"4","145659064","rs11727676","2.55e-08"
"5","75015242","rs2112347","6.191e-17"
"6","34563164","rs205262","1.753e-10"
"6","40348653","rs2033529","1.388e-08"
"6","50845490","rs2207139","4.126e-29"
"6","108977663","rs9400239","1.613e-08"
"6","163033350","rs13191362","7.339e-09"
"7","75163169","rs1167827","6.333e-10"
"7","76608143","rs2245368","3.187e-08"
"8","76806584","rs17405819","2.07e-11"
"8","85079709","rs2033732","4.889e-08"
"9","15634326","rs4740619","4.564e-09"
"9","28414339","rs10968576","6.607e-14"
"9","111932342","rs6477694","2.673e-08"
"9","120378483","rs1928295","7.91e-10"
"9","129460914","rs10733682","1.83e-08"
"10","87410904","rs7899106","2.96e-08"
"10","102395440","rs17094222","5.942e-11"
"10","104869038","rs11191560","8.446e-09"
"10","114758349","rs7903146","1.112e-11"
"11","8673939","rs4256980","2.9e-11"
"11","27684517","rs11030104","5.557e-28"
"11","43864278","rs2176598","2.971e-08"
"11","47650993","rs3817334","5.145e-17"
"11","115022404","rs12286929","1.31e-12"
"12","50247468","rs7138803","8.153e-24"
"12","122781897","rs11057405","2.019e-08"
"13","28017782","rs9581854","2.291e-10"
"13","54102206","rs12429545","1.094e-12"
"14","25928179","rs10132280","1.141e-11"
"14","29736838","rs12885454","1.943e-10"
"14","30515112","rs11847697","3.99e-09"
"14","79899454","rs7141420","1.23e-14"
"15","51748610","rs3736485","7.412e-09"
"15","68077168","rs16951275","1.911e-17"
"16","3627358","rs758747","7.473e-10"
"16","4015729","rs879620","1.061e-09"
"16","19935389","rs12446632","1.477e-18"
"16","28889486","rs3888190","3.14e-23"
"16","31129895","rs9925964","8.108e-10"
"16","53803574","rs1558902","7.51e-153"
"17","5283252","rs1000940","1.284e-08"
"17","78615571","rs12940622","2.494e-09"
"18","21104888","rs1808579","4.169e-08"
"18","56883319","rs7243357","3.857e-08"
"18","57829135","rs6567160","3.93e-53"
"19","18454825","rs17724992","3.415e-08"
"19","34309532","rs29941","2.407e-08"
"19","45395619","rs2075650","1.247e-08"
"19","46202172","rs2287019","4.585e-18"
"19","47569003","rs3810291","4.812e-15"